{"cameraMode":{"drawMode":0,"name":"Shaded","section":"Shading Mode"},"sceneLighting":false,"audioPlay":false,"sceneViewState":{"m_AlwaysRefresh":true,"showFog":false,"showSkybox":false,"showFlares":false,"showImageEffects":false,"showParticleSystems":false,"showVisualEffectGraphs":true,"m_FxEnabled":true},"in2DMode":false,"pivot":{"x":14.542632102966309,"y":1.3474071025848389,"z":-0.4995138645172119},"rotation":{"x":0.1921597570180893,"y":-0.03679155558347702,"z":0.007209374103695154,"w":0.9806479811668396},"size":1.3460832834243775,"orthographic":false}