{"cameraMode":{"drawMode":0,"name":"Shaded","section":"Shading Mode"},"sceneLighting":false,"audioPlay":false,"sceneViewState":{"m_AlwaysRefresh":true,"showFog":false,"showSkybox":false,"showFlares":false,"showImageEffects":false,"showParticleSystems":false,"showVisualEffectGraphs":true,"m_FxEnabled":true},"in2DMode":false,"pivot":{"x":14.919459342956543,"y":0.8719604015350342,"z":-0.7713241577148438},"rotation":{"x":0.04793308302760124,"y":-0.04493311792612076,"z":0.002158466959372163,"w":0.9978382587432861},"size":0.9482558369636536,"orthographic":false}